fila_excel,nombre_historico,referencia_historica,unidad_presentacion,precio_excel,precio_publicado,clasificacion_evidencia,categoria_publica,agrupacion_publica,tipo_match_publico,estado_mapeo,product_id,product_name,product_sku,product_odoo_reference,via,evidencia,candidatos
2,Aethoxylerol,3% 5X2 ml Ampolletas,Unidades,1760,1760,Excel = precio publicado,Medicamentos,Aethoxylerol 3%,exacto,EXACT_CANONICAL_MATCH,f150a8ac-ad06-4492-9e71-513e712d4e18,Aethoxylerol 3%,MED-003,3% 5X2 ml Ampolletas,REFERENCIA_ODOO,"""Referencia interna"" == products.odoo_reference (única) | nombre histórico coincide con familia/nombre canónico | agrupación publicada coincide con el nombre canónico",
3,Aethoxylerol,0.5% 5X2 ml Ampolletas,Unidades,900,900,Excel = precio publicado,Medicamentos,Aethoxylerol 0.5%,exacto,EXACT_CANONICAL_MATCH,873898b4-c581-47ce-9827-428f604e3fec,Aethoxylerol 0.5%,MED-001,0.5% 5X2 ml Ampolletas,REFERENCIA_ODOO,"""Referencia interna"" == products.odoo_reference (única) | nombre histórico coincide con familia/nombre canónico | agrupación publicada coincide con el nombre canónico",
4,Aethoxylerol,1% 5X2 ml Ampolletas,Unidades,1050,1050,Excel = precio publicado,Medicamentos,Aethoxylerol 1%,exacto,EXACT_CANONICAL_MATCH,217e8320-492c-4837-ba26-22cd49488306,Aethoxylerol 1%,MED-002,1% 5X2 ml Ampolletas,REFERENCIA_ODOO,"""Referencia interna"" == products.odoo_reference (única) | nombre histórico coincide con familia/nombre canónico | agrupación publicada coincide con el nombre canónico",
5,BOTAONE,100 UI,Unidades,775.86,900,Excel × 1.16 = publicado,Toxinas,Botaone 100 UI,exacto,EXACT_CANONICAL_MATCH,1d5cc41b-bedf-4989-ab88-0df18b7ba245,Botaone 100 UI,TOX-011,100 UI,NOMBRE+REFERENCIA,"products.name == ""Nombre Excel"" + "" "" + ""Referencia interna"" (igualdad exacta, única)",
6,BOTOX,,Unidades,0,,(sin referencia pública),,,sin match,NOT_FOUND,,,,,,"sin coincidencia determinista por nombre+referencia, nombre, referencia ni familia",
7,BOTOX,100 UI,Unidades,4600,4600,Excel = precio publicado,Toxinas,Botox 100 UI,exacto,EXACT_CANONICAL_MATCH,f2986bca-5a58-4fff-a492-4ed4b074ee2e,Botox 100 UI,TOX-001,100 UI,NOMBRE+REFERENCIA,"products.name == ""Nombre Excel"" + "" "" + ""Referencia interna"" (igualdad exacta, única)",
8,COCARBOXILAZA,50 ml 4% 40 mg/ml,Unidades,603.45,700,Excel × 1.16 = publicado,Vitaminas,CARBOX Cocarboxilasa,exacto,EXACT_CANONICAL_MATCH,743d5d6d-ba92-4102-bcc3-171e961df997,CARBOX Cocarboxilasa,VIT-007,50 ml 4% 40 mg/ml,REFERENCIA_ODOO,"""Referencia interna"" == products.odoo_reference (única) | agrupación publicada coincide con el nombre canónico",
9,Cloruro de Magnesio,50 ml 20 mg/ml,Unidades,431.03,500,Excel × 1.16 = publicado,Vitaminas,Magnesio 50 ml 20 mg/ml,exacto,EXACT_CANONICAL_MATCH,e1b65d0b-bb7a-4799-9326-3d85ed9bb1fa,Magnesio 50 ml 20 mg/ml,VIT-003,50 ml 20 mg/ml,AGRUPACION_PUBLICADA,"""Producto/agrupación lista"" == products.name (única y no repetida entre filas) | presentación corrobora",
10,DYSPORT,300 UI,Unidades,4500,,(sin referencia pública),5220,,sin match,EXACT_CANONICAL_MATCH,a2c6548c-a147-42e6-91bf-2ce5a6504d59,DYSPORT,NEW-001,300 UI,NOMBRE_NORMALIZADO,"products.name == ""Nombre Excel"" (igualdad exacta, única)",
11,DYSPORT,500 UI,Unidades,6000,6000,Excel = precio publicado,Toxinas,Dysport 500 UI,exacto,EXACT_CANONICAL_MATCH,562ded89-c089-4daa-9d0a-1609c4ef5d23,Dysport 500 UI,TOX-003,500 UI,NOMBRE+REFERENCIA,"products.name == ""Nombre Excel"" + "" "" + ""Referencia interna"" (igualdad exacta, única)",
12,EMLA,25/25 mg CRA 30 gr,Unidades,610,610,Excel = precio publicado,Anestésicos,EMLA 30 Crema 30 gr,exacto,EXACT_CANONICAL_MATCH,a729386b-bd45-4c65-a6e8-87337531507f,EMLA,NEW-002,25/25 mg CRA 30 gr,NOMBRE_NORMALIZADO,"products.name == ""Nombre Excel"" (igualdad exacta, única)",
13,FMC 22G 50mm,,Unidades,103.45,120,Excel × 1.16 = publicado,,FMC 22G 50 mm,exacto,EXACT_CANONICAL_MATCH,6f52735b-a611-4fa0-affa-8f9bbbdca858,FMC 22G 50mm,AGU-FMC-01,,NOMBRE_NORMALIZADO,"products.name == ""Nombre Excel"" (igualdad exacta, única)",
14,FMC 22G 70mm,,Unidades,103.45,120,Excel × 1.16 = publicado,,FMC 22G 70 mm,exacto,EXACT_CANONICAL_MATCH,14cca947-f301-4f33-915e-2c52dd38873a,FMC 22G 70mm,AGU-FMC-02,,NOMBRE_NORMALIZADO,"products.name == ""Nombre Excel"" (igualdad exacta, única)",
15,FMC 25G 40mm,,Unidades,103.45,120,Excel × 1.16 = publicado,,FMC 25G 40 mm,exacto,EXACT_CANONICAL_MATCH,c07fbb83-120c-4aa4-943c-fefe78dd5e13,FMC 25G 40mm,AGU-FMC-03,,NOMBRE_NORMALIZADO,"products.name == ""Nombre Excel"" (igualdad exacta, única)",
16,FMC 25G 50mm,,Unidades,103.45,120,Excel × 1.16 = publicado,,FMC 25G 50 mm,exacto,EXACT_CANONICAL_MATCH,66243b28-1f4d-4891-850d-fd845319abee,FMC 25G 50mm,AGU-FMC-04,,NOMBRE_NORMALIZADO,"products.name == ""Nombre Excel"" (igualdad exacta, única)",
17,FMC 27G 40mm,,Unidades,103.45,120,Excel × 1.16 = publicado,,FMC 27G 40 mm,exacto,EXACT_CANONICAL_MATCH,877b3b1c-b5a3-4cb5-a2db-c9a695347464,FMC 27G 40mm,AGU-FMC-05,,NOMBRE_NORMALIZADO,"products.name == ""Nombre Excel"" (igualdad exacta, única)",
18,FMC 27G 50mm,,Unidades,103.45,120,Excel × 1.16 = publicado,,FMC 27G 50 mm,exacto,EXACT_CANONICAL_MATCH,768c4b20-e51c-40c5-9a5a-cf4cffdf30fe,FMC 27G 50mm,AGU-FMC-06,,NOMBRE_NORMALIZADO,"products.name == ""Nombre Excel"" (igualdad exacta, única)",
19,GOLDEN PLACENTA MASK,35 ml,Unidades,301.72,350,Excel × 1.16 = publicado,Sérum,Golden Placenta Mask,exacto,EXACT_CANONICAL_MATCH,3bbc195a-e623-4330-89e5-60885e3022c7,Golden Placenta Mask,SER-002,35 ml,NOMBRE_NORMALIZADO,"products.name == ""Nombre Excel"" (igualdad exacta, única)",
20,Golden Placenta Serum,50 ml,Unidades,2068.96,2400,Excel × 1.16 = publicado,Sérum,Golden Placenta Serum,exacto,EXACT_CANONICAL_MATCH,feee98bb-6a30-4e6b-98f4-50bc38a93157,Golden Placenta Serum,SER-001,50 ml,NOMBRE_NORMALIZADO,"products.name == ""Nombre Excel"" (igualdad exacta, única)",
21,HIDRLIZADO,,Unidades,0,,(sin referencia pública),,,sin match,NOT_FOUND,,,,,,"sin coincidencia determinista por nombre+referencia, nombre, referencia ni familia",
22,HIDROLIZADO COSMETICO vial 8 ml,HUESO,Unidades,862.07,1000,Excel × 1.16 = publicado,Péptidos,Hidrolizados,familia/agregado,EXACT_CANONICAL_MATCH,547558e6-7955-4f5e-8246-cff4bdf3a7fb,HIDROLIZADO COSMETICO vial 8 ml HUESO,HID-001,HUESO,NOMBRE+REFERENCIA,"products.name == ""Nombre Excel"" + "" "" + ""Referencia interna"" (igualdad exacta, única)",
23,HIDROLIZADO COSMETICO vial 8 ml,CEREBELO,Unidades,862.07,1000,Excel × 1.16 = publicado,Péptidos,Hidrolizados,familia/agregado,EXACT_CANONICAL_MATCH,37897db4-9fc0-4935-b18d-64e131c3f9dc,HIDROLIZADO COSMETICO vial 8 ml CEREBELO,HID-002,CEREBELO,NOMBRE+REFERENCIA,"products.name == ""Nombre Excel"" + "" "" + ""Referencia interna"" (igualdad exacta, única)",
24,HIDROLIZADO COSMETICO vial 8 ml,BAZO,Unidades,862.07,1000,Excel × 1.16 = publicado,Péptidos,Hidrolizados,familia/agregado,EXACT_CANONICAL_MATCH,86e85877-31be-405c-a31f-205aef1112dc,HIDROLIZADO COSMETICO vial 8 ml BAZO,HID-003,BAZO,NOMBRE+REFERENCIA,"products.name == ""Nombre Excel"" + "" "" + ""Referencia interna"" (igualdad exacta, única)",
25,HIDROLIZADO COSMETICO vial 8 ml,HIPOFISIS,Unidades,862.07,1000,Excel × 1.16 = publicado,Péptidos,Hidrolizados,familia/agregado,EXACT_CANONICAL_MATCH,fc50e014-1a96-498f-b8d5-f6a172c7777d,HIDROLIZADO COSMETICO vial 8 ml HIPOFISIS,HID-004,HIPOFISIS,NOMBRE+REFERENCIA,"products.name == ""Nombre Excel"" + "" "" + ""Referencia interna"" (igualdad exacta, única)",
26,HIDROLIZADO COSMETICO vial 8 ml,PROSTATA,Unidades,862.07,1000,Excel × 1.16 = publicado,Péptidos,Hidrolizados,familia/agregado,EXACT_CANONICAL_MATCH,8d1f067e-2309-4358-ac92-7ec7bd7ef535,HIDROLIZADO COSMETICO vial 8 ml PROSTATA,HID-005,PROSTATA,NOMBRE+REFERENCIA,"products.name == ""Nombre Excel"" + "" "" + ""Referencia interna"" (igualdad exacta, única)",
27,HIDROLIZADO COSMETICO vial 8 ml,NERVIO OPTICO,Unidades,862.07,1000,Excel × 1.16 = publicado,Péptidos,Hidrolizados,familia/agregado,EXACT_CANONICAL_MATCH,faaa7f43-6784-4f30-bfd7-1fd7570489b9,HIDROLIZADO COSMETICO vial 8 ml NERVIO OPTICO,HID-006,NERVIO OPTICO,NOMBRE+REFERENCIA,"products.name == ""Nombre Excel"" + "" "" + ""Referencia interna"" (igualdad exacta, única)",
28,HIDROLIZADO COSMETICO vial 8 ml,RETINA,Unidades,862.07,1000,Excel × 1.16 = publicado,Péptidos,Hidrolizados,familia/agregado,EXACT_CANONICAL_MATCH,1f6b0805-11b2-4695-802f-f8f4001f258b,HIDROLIZADO COSMETICO vial 8 ml RETINA,HID-007,RETINA,NOMBRE+REFERENCIA,"products.name == ""Nombre Excel"" + "" "" + ""Referencia interna"" (igualdad exacta, única)",
29,HIDROLIZADO COSMETICO vial 8 ml,TIMO,Unidades,862.07,1000,Excel × 1.16 = publicado,Péptidos,Hidrolizados,familia/agregado,EXACT_CANONICAL_MATCH,a894ed6b-6e33-4419-b62b-5dd00215e5df,HIDROLIZADO COSMETICO vial 8 ml TIMO,HID-008,TIMO,NOMBRE+REFERENCIA,"products.name == ""Nombre Excel"" + "" "" + ""Referencia interna"" (igualdad exacta, única)",
30,HIDROLIZADO COSMETICO vial 8 ml,OIDO MEDIO,Unidades,862.07,1000,Excel × 1.16 = publicado,Péptidos,Hidrolizados,familia/agregado,EXACT_CANONICAL_MATCH,e2cbb1c3-fd5f-4eb0-b544-91455d1a94a5,HIDROLIZADO COSMETICO vial 8 ml OIDO MEDIO,HID-009,OIDO MEDIO,NOMBRE+REFERENCIA,"products.name == ""Nombre Excel"" + "" "" + ""Referencia interna"" (igualdad exacta, única)",
31,HIDROLIZADO COSMETICO vial 8 ml,TIMPANO,Unidades,862.07,1000,Excel × 1.16 = publicado,Péptidos,Hidrolizados,familia/agregado,EXACT_CANONICAL_MATCH,de183c46-5240-4664-bba1-10576167bae3,HIDROLIZADO COSMETICO vial 8 ml TIMPANO,HID-010,TIMPANO,NOMBRE+REFERENCIA,"products.name == ""Nombre Excel"" + "" "" + ""Referencia interna"" (igualdad exacta, única)",
32,HIDROLIZADO COSMETICO vial 8 ml,ELASTINA,Unidades,862.07,1000,Excel × 1.16 = publicado,Péptidos,Hidrolizados,familia/agregado,EXACT_CANONICAL_MATCH,9e0db293-38bc-4131-bbf6-8e789b8d0734,HIDROLIZADO COSMETICO vial 8 ml ELASTINA,HID-011,ELASTINA,NOMBRE+REFERENCIA,"products.name == ""Nombre Excel"" + "" "" + ""Referencia interna"" (igualdad exacta, única)",
33,HIDROLIZADO COSMETICO vial 8 ml,TIROIDES,Unidades,862.07,1000,Excel × 1.16 = publicado,Péptidos,Hidrolizados,familia/agregado,EXACT_CANONICAL_MATCH,c45bfac0-940d-4cb0-99d3-6957f3c774d7,HIDROLIZADO COSMETICO vial 8 ml TIROIDES,HID-012,TIROIDES,NOMBRE+REFERENCIA,"products.name == ""Nombre Excel"" + "" "" + ""Referencia interna"" (igualdad exacta, única)",
34,HIDROLIZADO COSMETICO vial 8 ml,PIEL EMBRIONARIA,Unidades,862.07,1000,Excel × 1.16 = publicado,Péptidos,Hidrolizados,familia/agregado,EXACT_CANONICAL_MATCH,04d5e143-aa49-4257-ab69-db9a35fdfc82,HIDROLIZADO COSMETICO vial 8 ml PIEL EMBRIONARIA,HID-013,PIEL EMBRIONARIA,NOMBRE+REFERENCIA,"products.name == ""Nombre Excel"" + "" "" + ""Referencia interna"" (igualdad exacta, única)",
35,HIDROLIZADO COSMETICO vial 8 ml,MEDULA OSEA,Unidades,862.07,1000,Excel × 1.16 = publicado,Péptidos,Hidrolizados,familia/agregado,EXACT_CANONICAL_MATCH,57a14e21-92bf-4666-bbb5-badcbbc386b7,HIDROLIZADO COSMETICO vial 8 ml MEDULA OSEA,HID-014,MEDULA OSEA,NOMBRE+REFERENCIA,"products.name == ""Nombre Excel"" + "" "" + ""Referencia interna"" (igualdad exacta, única)",
36,HIDROLIZADO COSMETICO vial 8 ml,GANGLIO LINFATICO,Unidades,862.07,1000,Excel × 1.16 = publicado,Péptidos,Hidrolizados,familia/agregado,EXACT_CANONICAL_MATCH,36b12f02-704d-4c36-865f-b4a98d7133ce,HIDROLIZADO COSMETICO vial 8 ml GANGLIO LINFATICO,HID-015,GANGLIO LINFATICO,NOMBRE+REFERENCIA,"products.name == ""Nombre Excel"" + "" "" + ""Referencia interna"" (igualdad exacta, única)",
37,HIDROLIZADO COSMETICO vial 8 ml,ESTOMAGO,Unidades,862.07,1000,Excel × 1.16 = publicado,Péptidos,Hidrolizados,familia/agregado,EXACT_CANONICAL_MATCH,3144dd17-2fc6-40d4-9962-6acac489c941,HIDROLIZADO COSMETICO vial 8 ml ESTOMAGO,HID-016,ESTOMAGO,NOMBRE+REFERENCIA,"products.name == ""Nombre Excel"" + "" "" + ""Referencia interna"" (igualdad exacta, única)",
38,HIDROLIZADO COSMETICO vial 8 ml,OIDO INTERNO,Unidades,862.07,1000,Excel × 1.16 = publicado,Péptidos,Hidrolizados,familia/agregado,EXACT_CANONICAL_MATCH,7e338736-0ce2-4070-a1b0-92f8507c9101,HIDROLIZADO COSMETICO vial 8 ml OIDO INTERNO,HID-017,OIDO INTERNO,NOMBRE+REFERENCIA,"products.name == ""Nombre Excel"" + "" "" + ""Referencia interna"" (igualdad exacta, única)",
39,HIDROLIZADO COSMETICO vial 8 ml,EMBRION TOTAL,Unidades,862.07,1000,Excel × 1.16 = publicado,Péptidos,Hidrolizados,familia/agregado,EXACT_CANONICAL_MATCH,8e0cdfce-c90c-41c4-b33a-7ba245bdce58,HIDROLIZADO COSMETICO vial 8 ml EMBRION TOTAL,HID-018,EMBRION TOTAL,NOMBRE+REFERENCIA,"products.name == ""Nombre Excel"" + "" "" + ""Referencia interna"" (igualdad exacta, única)",
40,HIDROLIZADO COSMETICO vial 8 ml,MEDULA ESPINAL,Unidades,862.07,1000,Excel × 1.16 = publicado,Péptidos,Hidrolizados,familia/agregado,EXACT_CANONICAL_MATCH,4c723990-7a79-4b58-bc0b-91ff39cbec23,HIDROLIZADO COSMETICO vial 8 ml MEDULA ESPINAL,HID-019,MEDULA ESPINAL,NOMBRE+REFERENCIA,"products.name == ""Nombre Excel"" + "" "" + ""Referencia interna"" (igualdad exacta, única)",
41,HIDROLIZADO COSMETICO vial 8 ml,ARTERIA,Unidades,862.07,1000,Excel × 1.16 = publicado,Péptidos,Hidrolizados,familia/agregado,EXACT_CANONICAL_MATCH,eae8a07e-4051-44c9-ac89-263bf941c635,HIDROLIZADO COSMETICO vial 8 ml ARTERIA,HID-020,ARTERIA,NOMBRE+REFERENCIA,"products.name == ""Nombre Excel"" + "" "" + ""Referencia interna"" (igualdad exacta, única)",
42,HIDROLIZADO COSMETICO vial 8 ml,VENA,Unidades,862.07,1000,Excel × 1.16 = publicado,Péptidos,Hidrolizados,familia/agregado,EXACT_CANONICAL_MATCH,a3fa587f-8d5f-405b-a7eb-33bfef03b8fe,HIDROLIZADO COSMETICO vial 8 ml VENA,HID-021,VENA,NOMBRE+REFERENCIA,"products.name == ""Nombre Excel"" + "" "" + ""Referencia interna"" (igualdad exacta, única)",
43,HIDROLIZADO COSMETICO vial 8 ml,COLAGENO,Unidades,862.07,1000,Excel × 1.16 = publicado,Péptidos,Hidrolizados,familia/agregado,EXACT_CANONICAL_MATCH,18c1aa28-d233-4e91-b840-ed874b312b9a,HIDROLIZADO COSMETICO vial 8 ml COLAGENO,HID-022,COLAGENO,NOMBRE+REFERENCIA,"products.name == ""Nombre Excel"" + "" "" + ""Referencia interna"" (igualdad exacta, única)",
44,HIDROLIZADO COSMETICO vial 8 ml,PLACENTA,Unidades,862.07,1000,Excel × 1.16 = publicado,Péptidos,Hidrolizados,familia/agregado,EXACT_CANONICAL_MATCH,3043a620-5274-44ed-ab25-a0d60b56d706,HIDROLIZADO COSMETICO vial 8 ml PLACENTA,HID-023,PLACENTA,NOMBRE+REFERENCIA,"products.name == ""Nombre Excel"" + "" "" + ""Referencia interna"" (igualdad exacta, única)",
45,HIDROLIZADO COSMETICO vial 8 ml,OJO TOTAL,Unidades,862.07,1000,Excel × 1.16 = publicado,Péptidos,Hidrolizados,familia/agregado,EXACT_CANONICAL_MATCH,6416e3e3-f60e-4929-8c48-791bfe27ba40,HIDROLIZADO COSMETICO vial 8 ml OJO TOTAL,HID-024,OJO TOTAL,NOMBRE+REFERENCIA,"products.name == ""Nombre Excel"" + "" "" + ""Referencia interna"" (igualdad exacta, única)",
46,HIDROLIZADO COSMETICO vial 8 ml,CORDON UMBILICAL,Unidades,862.07,1000,Excel × 1.16 = publicado,Péptidos,Hidrolizados,familia/agregado,EXACT_CANONICAL_MATCH,d5383ab3-e57d-403b-80f2-ca593367245c,HIDROLIZADO COSMETICO vial 8 ml CORDON UMBILICAL,HID-025,CORDON UMBILICAL,NOMBRE+REFERENCIA,"products.name == ""Nombre Excel"" + "" "" + ""Referencia interna"" (igualdad exacta, única)",
47,HIDROLIZADO COSMETICO vial 8 ml,PANCREAS,Unidades,862.07,1000,Excel × 1.16 = publicado,Péptidos,Hidrolizados,familia/agregado,EXACT_CANONICAL_MATCH,d2689b12-4586-43af-b1ab-c84d060d7070,HIDROLIZADO COSMETICO vial 8 ml PANCREAS,HID-026,PANCREAS,NOMBRE+REFERENCIA,"products.name == ""Nombre Excel"" + "" "" + ""Referencia interna"" (igualdad exacta, única)",
48,HIDROLIZADO COSMETICO vial 8 ml,CORAZON,Unidades,862.07,1000,Excel × 1.16 = publicado,Péptidos,Hidrolizados,familia/agregado,EXACT_CANONICAL_MATCH,eef9ee73-9bd3-47e0-846f-317bb83a299a,HIDROLIZADO COSMETICO vial 8 ml CORAZON,HID-027,CORAZON,NOMBRE+REFERENCIA,"products.name == ""Nombre Excel"" + "" "" + ""Referencia interna"" (igualdad exacta, única)",
49,HIDROLIZADO COSMETICO vial 8 ml,LIGAMENTO,Unidades,862.07,1000,Excel × 1.16 = publicado,Péptidos,Hidrolizados,familia/agregado,EXACT_CANONICAL_MATCH,1bb9ca5f-4c87-447a-b177-121ee9a29103,HIDROLIZADO COSMETICO vial 8 ml LIGAMENTO,HID-028,LIGAMENTO,NOMBRE+REFERENCIA,"products.name == ""Nombre Excel"" + "" "" + ""Referencia interna"" (igualdad exacta, única)",
50,HIDROLIZADO COSMETICO vial 8 ml,MESENQUIMA,Unidades,862.07,1000,Excel × 1.16 = publicado,Péptidos,Hidrolizados,familia/agregado,EXACT_CANONICAL_MATCH,f99c03a1-a02e-48c1-acbb-65594a6cae6a,HIDROLIZADO COSMETICO vial 8 ml MESENQUIMA,HID-029,MESENQUIMA,NOMBRE+REFERENCIA,"products.name == ""Nombre Excel"" + "" "" + ""Referencia interna"" (igualdad exacta, única)",
51,HIDROLIZADO COSMETICO vial 8 ml,HIPOTALAMO,Unidades,862.07,1000,Excel × 1.16 = publicado,Péptidos,Hidrolizados,familia/agregado,EXACT_CANONICAL_MATCH,3024a702-9dfb-4c00-937e-58d9ce96f261,HIDROLIZADO COSMETICO vial 8 ml HIPOTALAMO,HID-030,HIPOTALAMO,NOMBRE+REFERENCIA,"products.name == ""Nombre Excel"" + "" "" + ""Referencia interna"" (igualdad exacta, única)",
52,HIDROLIZADO COSMETICO vial 8 ml,TESTICULO,Unidades,862.07,1000,Excel × 1.16 = publicado,Péptidos,Hidrolizados,familia/agregado,EXACT_CANONICAL_MATCH,b8be3e8f-f3b2-4254-9c37-2426a868c09f,HIDROLIZADO COSMETICO vial 8 ml TESTICULO,HID-031,TESTICULO,NOMBRE+REFERENCIA,"products.name == ""Nombre Excel"" + "" "" + ""Referencia interna"" (igualdad exacta, única)",
53,HIDROLIZADO COSMETICO vial 8 ml,NERVIO AUDITIVO,Unidades,862.07,1000,Excel × 1.16 = publicado,Péptidos,Hidrolizados,familia/agregado,EXACT_CANONICAL_MATCH,e89185ff-3a08-4b67-952c-8325fee48c61,HIDROLIZADO COSMETICO vial 8 ml NERVIO AUDITIVO,HID-032,NERVIO AUDITIVO,NOMBRE+REFERENCIA,"products.name == ""Nombre Excel"" + "" "" + ""Referencia interna"" (igualdad exacta, única)",
54,HIDROLIZADO COSMETICO vial 8 ml,OVARIO,Unidades,862.07,1000,Excel × 1.16 = publicado,Péptidos,Hidrolizados,familia/agregado,EXACT_CANONICAL_MATCH,dd2eba06-f449-4764-b4cc-0c3273c86acf,HIDROLIZADO COSMETICO vial 8 ml OVARIO,HID-033,OVARIO,NOMBRE+REFERENCIA,"products.name == ""Nombre Excel"" + "" "" + ""Referencia interna"" (igualdad exacta, única)",
55,HIDROLIZADO COSMETICO vial 8 ml,VEJIGA,Unidades,862.07,1000,Excel × 1.16 = publicado,Péptidos,Hidrolizados,familia/agregado,EXACT_CANONICAL_MATCH,b1b706cb-6994-4baf-ba57-e840148153a3,HIDROLIZADO COSMETICO vial 8 ml VEJIGA,HID-034,VEJIGA,NOMBRE+REFERENCIA,"products.name == ""Nombre Excel"" + "" "" + ""Referencia interna"" (igualdad exacta, única)",
56,HIDROLIZADO COSMETICO vial 8 ml,CARTILAGO,Unidades,862.07,1000,Excel × 1.16 = publicado,Péptidos,Hidrolizados,familia/agregado,EXACT_CANONICAL_MATCH,34541e8a-469d-4bb3-973e-408565a338f2,HIDROLIZADO COSMETICO vial 8 ml CARTILAGO,HID-035,CARTILAGO,NOMBRE+REFERENCIA,"products.name == ""Nombre Excel"" + "" "" + ""Referencia interna"" (igualdad exacta, única)",
57,HIDROLIZADO COSMETICO vial 8 ml,PULMON,Unidades,862.07,1000,Excel × 1.16 = publicado,Péptidos,Hidrolizados,familia/agregado,EXACT_CANONICAL_MATCH,9f6ba8cc-4904-4095-9182-a00136ceb1c0,HIDROLIZADO COSMETICO vial 8 ml PULMON,HID-036,PULMON,NOMBRE+REFERENCIA,"products.name == ""Nombre Excel"" + "" "" + ""Referencia interna"" (igualdad exacta, única)",
58,HIDROLIZADO COSMETICO vial 8 ml,DUODENO,Unidades,862.07,1000,Excel × 1.16 = publicado,Péptidos,Hidrolizados,familia/agregado,EXACT_CANONICAL_MATCH,b7536cdf-d53e-48d7-b756-50a7be950e24,HIDROLIZADO COSMETICO vial 8 ml DUODENO,HID-037,DUODENO,NOMBRE+REFERENCIA,"products.name == ""Nombre Excel"" + "" "" + ""Referencia interna"" (igualdad exacta, única)",
59,HIDROLIZADO COSMETICO vial 8 ml,CORONARIAS,Unidades,862.07,1000,Excel × 1.16 = publicado,Péptidos,Hidrolizados,familia/agregado,EXACT_CANONICAL_MATCH,e2102321-c25d-4bac-9677-8b589ef3d7eb,HIDROLIZADO COSMETICO vial 8 ml CORONARIAS,HID-038,CORONARIAS,NOMBRE+REFERENCIA,"products.name == ""Nombre Excel"" + "" "" + ""Referencia interna"" (igualdad exacta, única)",
60,HIDROLIZADO COSMETICO vial 8 ml,RIÑON,Unidades,862.07,1000,Excel × 1.16 = publicado,Péptidos,Hidrolizados,familia/agregado,EXACT_CANONICAL_MATCH,69bd4cfd-fc39-49b1-8758-46689076140c,HIDROLIZADO COSMETICO vial 8 ml RIÑON,HID-039,RIÑON,NOMBRE+REFERENCIA,"products.name == ""Nombre Excel"" + "" "" + ""Referencia interna"" (igualdad exacta, única)",
61,HIDROLIZADO COSMETICO vial 8 ml,HIGADO,Unidades,862.07,1000,Excel × 1.16 = publicado,Péptidos,Hidrolizados,familia/agregado,EXACT_CANONICAL_MATCH,bbabaff6-17ad-4715-a567-a6bfa0d7b02a,HIDROLIZADO COSMETICO vial 8 ml HIGADO,HID-040,HIGADO,NOMBRE+REFERENCIA,"products.name == ""Nombre Excel"" + "" "" + ""Referencia interna"" (igualdad exacta, única)",
62,HIDROLIZADO COSMETICO vial 8 ml,CORNEA,Unidades,862.07,1000,Excel × 1.16 = publicado,Péptidos,Hidrolizados,familia/agregado,EXACT_CANONICAL_MATCH,2eac6877-1a42-4f27-b49e-699a4b3c814a,HIDROLIZADO COSMETICO vial 8 ml CORNEA,HID-041,CORNEA,NOMBRE+REFERENCIA,"products.name == ""Nombre Excel"" + "" "" + ""Referencia interna"" (igualdad exacta, única)",
63,HIDROLIZADO COSMETICO vial 8 ml,CRISTALINO,Unidades,862.07,1000,Excel × 1.16 = publicado,Péptidos,Hidrolizados,familia/agregado,EXACT_CANONICAL_MATCH,52518557-0343-45c1-b875-3b8795ea99d0,HIDROLIZADO COSMETICO vial 8 ml CRISTALINO,HID-042,CRISTALINO,NOMBRE+REFERENCIA,"products.name == ""Nombre Excel"" + "" "" + ""Referencia interna"" (igualdad exacta, única)",
64,HIDROLIZADO COSMETICO vial 8 ml,SUPRARRENAL,Unidades,862.07,1000,Excel × 1.16 = publicado,Péptidos,Hidrolizados,familia/agregado,EXACT_CANONICAL_MATCH,26286a27-ace6-4748-ae50-4b7be02a5ed3,HIDROLIZADO COSMETICO vial 8 ml SUPRARRENAL,HID-043,SUPRARRENAL,NOMBRE+REFERENCIA,"products.name == ""Nombre Excel"" + "" "" + ""Referencia interna"" (igualdad exacta, única)",
65,HIDROLIZADO COSMETICO vial 8 ml,COLON,Unidades,862.07,1000,Excel × 1.16 = publicado,Péptidos,Hidrolizados,familia/agregado,EXACT_CANONICAL_MATCH,c49654b3-517b-4976-8d82-1d685664e932,HIDROLIZADO COSMETICO vial 8 ml COLON,HID-044,COLON,NOMBRE+REFERENCIA,"products.name == ""Nombre Excel"" + "" "" + ""Referencia interna"" (igualdad exacta, única)",
66,HIDROLIZADO COSMETICO vial 8 ml,CEREBRO,Unidades,862.07,1000,Excel × 1.16 = publicado,Péptidos,Hidrolizados,familia/agregado,EXACT_CANONICAL_MATCH,cc8704b9-44f4-403a-90ce-1e658960b9cd,HIDROLIZADO COSMETICO vial 8 ml CEREBRO,HID-045,CEREBRO,NOMBRE+REFERENCIA,"products.name == ""Nombre Excel"" + "" "" + ""Referencia interna"" (igualdad exacta, única)",
67,HIDROLIZADO COSMETICO vial 8 ml,MUSCULO ESTRIADO,Unidades,862.07,1000,Excel × 1.16 = publicado,Péptidos,Hidrolizados,familia/agregado,EXACT_CANONICAL_MATCH,30adf787-c7d7-46cd-a7a4-3b1e4d90f938,HIDROLIZADO COSMETICO vial 8 ml MUSCULO ESTRIADO,HID-046,MUSCULO ESTRIADO,NOMBRE+REFERENCIA,"products.name == ""Nombre Excel"" + "" "" + ""Referencia interna"" (igualdad exacta, única)",
68,HYDRA NEEDLE,,Unidades,112.07,130,Excel × 1.16 = publicado,,HYDRA NEEDLE,exacto,EXACT_CANONICAL_MATCH,310abfad-054c-40af-a542-3a439bf47131,HYDRA NEEDLE,APA-002,,NOMBRE_NORMALIZADO,"products.name == ""Nombre Excel"" (igualdad exacta, única)",
69,HYDRA PEN,,Unidades,1551.72,1800,Excel × 1.16 = publicado,,HYDRA PEN H5,exacto,EXACT_CANONICAL_MATCH,5d06d155-da32-4494-9cc9-a4cefa654596,HYDRA PEN H5,APA-001,,AGRUPACION_PUBLICADA,"""Producto/agrupación lista"" == products.name (única y no repetida entre filas)",
70,HarmonyCa,,Unidades,8000,8000,Excel = precio publicado,,HarmonyCa,exacto,EXACT_CANONICAL_MATCH,75840f69-ad51-4ec3-9c3b-4cb55ceac6b8,HArmonyCa,REL-001,,NOMBRE_NORMALIZADO,"products.name == ""Nombre Excel"" (igualdad exacta, única)",
71,IMPLANTE COSMETICO 4.5 ML,Cartilago,Unidades,2068.97,2400,Excel × 1.16 = publicado,Péptidos,Implantes,familia/agregado,EXACT_CANONICAL_MATCH,3f53991d-4070-46f0-b721-16988308b0d5,IMPLANTE COSMETICO 4.5 ML Cartilago,IMP-001,Cartilago,NOMBRE+REFERENCIA,"products.name == ""Nombre Excel"" + "" "" + ""Referencia interna"" (igualdad exacta, única)",
72,IMPLANTE COSMETICO 4.5 ML,Placenta,Unidades,2068.97,2400,Excel × 1.16 = publicado,Péptidos,Implantes,familia/agregado,EXACT_CANONICAL_MATCH,c816fa68-6269-437b-8947-482643cad516,IMPLANTE COSMETICO 4.5 ML Placenta,IMP-002,Placenta,NOMBRE+REFERENCIA,"products.name == ""Nombre Excel"" + "" "" + ""Referencia interna"" (igualdad exacta, única)",
73,IMPLANTE COSMETICO 4.5 ML,ARTERIA,Unidades,2068.97,2400,Excel × 1.16 = publicado,Péptidos,Implantes,familia/agregado,EXACT_CANONICAL_MATCH,9cf3e8cf-dc4f-473f-9055-603aac4ff595,IMPLANTE COSMETICO 4.5 ML ARTERIA,IMP-003,ARTERIA,NOMBRE+REFERENCIA,"products.name == ""Nombre Excel"" + "" "" + ""Referencia interna"" (igualdad exacta, única)",
74,IMPLANTE COSMETICO 4.5 ML,Tendon,Unidades,2068.97,2400,Excel × 1.16 = publicado,Péptidos,Implantes,familia/agregado,EXACT_CANONICAL_MATCH,f51b9f60-886f-4916-99e7-e85ead847bcb,IMPLANTE COSMETICO 4.5 ML Tendon,IMP-004,Tendon,NOMBRE+REFERENCIA,"products.name == ""Nombre Excel"" + "" "" + ""Referencia interna"" (igualdad exacta, única)",
75,IMPLANTE COSMETICO 4.5 ML,Pulmon,Unidades,2068.97,2400,Excel × 1.16 = publicado,Péptidos,Implantes,familia/agregado,EXACT_CANONICAL_MATCH,6f9d3c3e-d57b-4e3f-ac57-63ae2002b953,IMPLANTE COSMETICO 4.5 ML Pulmon,IMP-005,Pulmon,NOMBRE+REFERENCIA,"products.name == ""Nombre Excel"" + "" "" + ""Referencia interna"" (igualdad exacta, única)",
76,IMPLANTE COSMETICO 4.5 ML,Mesenquima,Unidades,2068.97,2400,Excel × 1.16 = publicado,Péptidos,Implantes,familia/agregado,EXACT_CANONICAL_MATCH,ffdf4a85-6ce4-41a5-95d0-bac036806db4,IMPLANTE COSMETICO 4.5 ML Mesenquima,IMP-006,Mesenquima,NOMBRE+REFERENCIA,"products.name == ""Nombre Excel"" + "" "" + ""Referencia interna"" (igualdad exacta, única)",
77,IMPLANTE COSMETICO 4.5 ML,Piel,Unidades,2068.97,2400,Excel × 1.16 = publicado,Péptidos,Implantes,familia/agregado,EXACT_CANONICAL_MATCH,37bb528b-e793-4e45-8a3b-e07a4f81c2d0,IMPLANTE COSMETICO 4.5 ML Piel,IMP-007,Piel,NOMBRE+REFERENCIA,"products.name == ""Nombre Excel"" + "" "" + ""Referencia interna"" (igualdad exacta, única)",
78,IMPLANTE COSMETICO 4.5 ML,bazo,Unidades,2068.97,2400,Excel × 1.16 = publicado,Péptidos,Implantes,familia/agregado,EXACT_CANONICAL_MATCH,aba7f11b-1dd5-4e9c-b6a0-8fe23da38bdc,IMPLANTE COSMETICO 4.5 ML bazo,IMP-008,bazo,NOMBRE+REFERENCIA,"products.name == ""Nombre Excel"" + "" "" + ""Referencia interna"" (igualdad exacta, única)",
79,IMPLANTE COSMETICO 4.5 ML,Riñon,Unidades,2068.97,2400,Excel × 1.16 = publicado,Péptidos,Implantes,familia/agregado,EXACT_CANONICAL_MATCH,1109fa3b-405a-4c0d-97e2-a126d8d80542,IMPLANTE COSMETICO 4.5 ML Riñon,IMP-009,Riñon,NOMBRE+REFERENCIA,"products.name == ""Nombre Excel"" + "" "" + ""Referencia interna"" (igualdad exacta, única)",
80,IMPLANTE COSMETICO 4.5 ML,Ganglio,Unidades,2068.97,2400,Excel × 1.16 = publicado,Péptidos,Implantes,familia/agregado,EXACT_CANONICAL_MATCH,4415b7be-c5a9-4b9e-bfda-9b399a7a1686,IMPLANTE COSMETICO 4.5 ML Ganglio,IMP-010,Ganglio,NOMBRE+REFERENCIA,"products.name == ""Nombre Excel"" + "" "" + ""Referencia interna"" (igualdad exacta, única)",
81,IMPLANTE COSMETICO 4.5 ML,Cristalino,Unidades,2068.97,2400,Excel × 1.16 = publicado,Péptidos,Implantes,familia/agregado,EXACT_CANONICAL_MATCH,0eb73911-aac3-41f3-bcc1-715d9db13968,IMPLANTE COSMETICO 4.5 ML Cristalino,IMP-011,Cristalino,NOMBRE+REFERENCIA,"products.name == ""Nombre Excel"" + "" "" + ""Referencia interna"" (igualdad exacta, única)",
82,IMPLANTE COSMETICO 4.5 ML,Ojo,Unidades,2068.97,2400,Excel × 1.16 = publicado,Péptidos,Implantes,familia/agregado,EXACT_CANONICAL_MATCH,ec483bbe-2b4e-4da8-8355-d28d994df9c1,IMPLANTE COSMETICO 4.5 ML Ojo,IMP-012,Ojo,NOMBRE+REFERENCIA,"products.name == ""Nombre Excel"" + "" "" + ""Referencia interna"" (igualdad exacta, única)",
83,IMPLANTE COSMETICO 4.5 ML,VENA,Unidades,2068.97,2400,Excel × 1.16 = publicado,Péptidos,Implantes,familia/agregado,EXACT_CANONICAL_MATCH,17fd4361-537d-4fb1-9f72-afaae86f62a0,IMPLANTE COSMETICO 4.5 ML VENA,IMP-013,VENA,NOMBRE+REFERENCIA,"products.name == ""Nombre Excel"" + "" "" + ""Referencia interna"" (igualdad exacta, única)",
84,IMPLANTE COSMETICO 4.5 ML,Colon,Unidades,2068.97,2400,Excel × 1.16 = publicado,Péptidos,Implantes,familia/agregado,EXACT_CANONICAL_MATCH,2ffad776-1f74-45e4-ad85-18f85e0683df,IMPLANTE COSMETICO 4.5 ML Colon,IMP-014,Colon,NOMBRE+REFERENCIA,"products.name == ""Nombre Excel"" + "" "" + ""Referencia interna"" (igualdad exacta, única)",
85,IMPLANTE COSMETICO 4.5 ML,Hueso,Unidades,2068.97,2400,Excel × 1.16 = publicado,Péptidos,Implantes,familia/agregado,EXACT_CANONICAL_MATCH,9744ed0d-a4b1-44a9-81ee-b064362f6bc8,IMPLANTE COSMETICO 4.5 ML Hueso,IMP-015,Hueso,NOMBRE+REFERENCIA,"products.name == ""Nombre Excel"" + "" "" + ""Referencia interna"" (igualdad exacta, única)",
86,IMPLANTE COSMETICO 4.5 ML,Estomago,Unidades,2068.97,2400,Excel × 1.16 = publicado,Péptidos,Implantes,familia/agregado,EXACT_CANONICAL_MATCH,54ce127b-ce48-47a0-a4dd-022769375170,IMPLANTE COSMETICO 4.5 ML Estomago,IMP-016,Estomago,NOMBRE+REFERENCIA,"products.name == ""Nombre Excel"" + "" "" + ""Referencia interna"" (igualdad exacta, única)",
87,IMPLANTE COSMETICO 4.5 ML,Cerebro,Unidades,2068.97,2400,Excel × 1.16 = publicado,Péptidos,Implantes,familia/agregado,EXACT_CANONICAL_MATCH,a1ae62d6-cc54-4739-b44c-7a9cf85874ff,IMPLANTE COSMETICO 4.5 ML Cerebro,IMP-017,Cerebro,NOMBRE+REFERENCIA,"products.name == ""Nombre Excel"" + "" "" + ""Referencia interna"" (igualdad exacta, única)",
88,IMPLANTE COSMETICO 4.5 ML,Nervio optico,Unidades,2068.97,2400,Excel × 1.16 = publicado,Péptidos,Implantes,familia/agregado,EXACT_CANONICAL_MATCH,69044226-b5c8-422f-9ad3-95f006384c77,IMPLANTE COSMETICO 4.5 ML Nervio optico,IMP-018,Nervio optico,NOMBRE+REFERENCIA,"products.name == ""Nombre Excel"" + "" "" + ""Referencia interna"" (igualdad exacta, única)",
89,IMPLANTE COSMETICO 4.5 ML,Prostata,Unidades,2068.97,2400,Excel × 1.16 = publicado,Péptidos,Implantes,familia/agregado,EXACT_CANONICAL_MATCH,efe74557-c485-4f16-8eff-eeafc9b16a6d,IMPLANTE COSMETICO 4.5 ML Prostata,IMP-019,Prostata,NOMBRE+REFERENCIA,"products.name == ""Nombre Excel"" + "" "" + ""Referencia interna"" (igualdad exacta, única)",
90,IMPLANTE COSMETICO 4.5 ML,Medula Espinal,Unidades,2068.97,2400,Excel × 1.16 = publicado,Péptidos,Implantes,familia/agregado,EXACT_CANONICAL_MATCH,5e0acc26-1092-4bbe-a20b-93f6f09dd1fb,IMPLANTE COSMETICO 4.5 ML Medula Espinal,IMP-020,Medula Espinal,NOMBRE+REFERENCIA,"products.name == ""Nombre Excel"" + "" "" + ""Referencia interna"" (igualdad exacta, única)",
91,IMPLANTE COSMETICO 4.5 ML,Ovario,Unidades,2068.97,2400,Excel × 1.16 = publicado,Péptidos,Implantes,familia/agregado,EXACT_CANONICAL_MATCH,4d5df95c-c3a4-4f7f-a057-0bc238191da5,IMPLANTE COSMETICO 4.5 ML Ovario,IMP-021,Ovario,NOMBRE+REFERENCIA,"products.name == ""Nombre Excel"" + "" "" + ""Referencia interna"" (igualdad exacta, única)",
92,IMPLANTE COSMETICO 4.5 ML,Hipotalamo,Unidades,2068.97,2400,Excel × 1.16 = publicado,Péptidos,Implantes,familia/agregado,EXACT_CANONICAL_MATCH,2cea1445-61eb-46fb-9363-203b79c6830d,IMPLANTE COSMETICO 4.5 ML Hipotalamo,IMP-022,Hipotalamo,NOMBRE+REFERENCIA,"products.name == ""Nombre Excel"" + "" "" + ""Referencia interna"" (igualdad exacta, única)",
93,IMPLANTE COSMETICO 4.5 ML,Testiculo,Unidades,2068.97,2400,Excel × 1.16 = publicado,Péptidos,Implantes,familia/agregado,EXACT_CANONICAL_MATCH,7cc605b9-759e-4ba7-85fc-9bb4e8b9acc7,IMPLANTE COSMETICO 4.5 ML Testiculo,IMP-023,Testiculo,NOMBRE+REFERENCIA,"products.name == ""Nombre Excel"" + "" "" + ""Referencia interna"" (igualdad exacta, única)",
94,IMPLANTE COSMETICO 4.5 ML,Musculo,Unidades,2068.97,2400,Excel × 1.16 = publicado,Péptidos,Implantes,familia/agregado,EXACT_CANONICAL_MATCH,94700e24-e152-4350-b548-db8413fb8db3,IMPLANTE COSMETICO 4.5 ML Musculo,IMP-024,Musculo,NOMBRE+REFERENCIA,"products.name == ""Nombre Excel"" + "" "" + ""Referencia interna"" (igualdad exacta, única)",
95,IMPLANTE COSMETICO 4.5 ML,Medula Osea,Unidades,2068.97,2400,Excel × 1.16 = publicado,Péptidos,Implantes,familia/agregado,EXACT_CANONICAL_MATCH,66c7464c-e412-44f4-b3b6-dd3819acc92e,IMPLANTE COSMETICO 4.5 ML Medula Osea,IMP-025,Medula Osea,NOMBRE+REFERENCIA,"products.name == ""Nombre Excel"" + "" "" + ""Referencia interna"" (igualdad exacta, única)",
96,IMPLANTE COSMETICO 4.5 ML,Ligamento,Unidades,2068.97,2400,Excel × 1.16 = publicado,Péptidos,Implantes,familia/agregado,EXACT_CANONICAL_MATCH,0207fef1-44da-49bd-b2ed-8312f4438966,IMPLANTE COSMETICO 4.5 ML Ligamento,IMP-026,Ligamento,NOMBRE+REFERENCIA,"products.name == ""Nombre Excel"" + "" "" + ""Referencia interna"" (igualdad exacta, única)",
97,IMPLANTE COSMETICO 4.5 ML,Vejiga,Unidades,2068.97,2400,Excel × 1.16 = publicado,Péptidos,Implantes,familia/agregado,EXACT_CANONICAL_MATCH,04e06ca5-5b0f-4267-9af2-64068fa72365,IMPLANTE COSMETICO 4.5 ML Vejiga,IMP-027,Vejiga,NOMBRE+REFERENCIA,"products.name == ""Nombre Excel"" + "" "" + ""Referencia interna"" (igualdad exacta, única)",
98,IMPLANTE COSMETICO 4.5 ML,Hipofisis,Unidades,2068.97,2400,Excel × 1.16 = publicado,Péptidos,Implantes,familia/agregado,EXACT_CANONICAL_MATCH,b3337744-8597-4bf4-ad87-d8dfdf7d1274,IMPLANTE COSMETICO 4.5 ML Hipofisis,IMP-028,Hipofisis,NOMBRE+REFERENCIA,"products.name == ""Nombre Excel"" + "" "" + ""Referencia interna"" (igualdad exacta, única)",
99,IMPLANTE COSMETICO 4.5 ML,Timo,Unidades,2068.97,2400,Excel × 1.16 = publicado,Péptidos,Implantes,familia/agregado,EXACT_CANONICAL_MATCH,41608051-5699-4642-b6c6-33ff9c1fee88,IMPLANTE COSMETICO 4.5 ML Timo,IMP-029,Timo,NOMBRE+REFERENCIA,"products.name == ""Nombre Excel"" + "" "" + ""Referencia interna"" (igualdad exacta, única)",
100,IMPLANTE COSMETICO 4.5 ML,Tiroides,Unidades,2068.97,2400,Excel × 1.16 = publicado,Péptidos,Implantes,familia/agregado,EXACT_CANONICAL_MATCH,1cd85116-5c60-481c-b0cf-a3571108b9dc,IMPLANTE COSMETICO 4.5 ML Tiroides,IMP-030,Tiroides,NOMBRE+REFERENCIA,"products.name == ""Nombre Excel"" + "" "" + ""Referencia interna"" (igualdad exacta, única)",
101,IMPLANTE COSMETICO 4.5 ML,Suprarrenal,Unidades,2068.97,2400,Excel × 1.16 = publicado,Péptidos,Implantes,familia/agregado,EXACT_CANONICAL_MATCH,796386c2-5878-4324-9f8e-9a3d0bc7ae58,IMPLANTE COSMETICO 4.5 ML Suprarrenal,IMP-031,Suprarrenal,NOMBRE+REFERENCIA,"products.name == ""Nombre Excel"" + "" "" + ""Referencia interna"" (igualdad exacta, única)",
102,IMPLANTE COSMETICO 4.5 ML,Elastina,Unidades,2068.97,2400,Excel × 1.16 = publicado,Péptidos,Implantes,familia/agregado,EXACT_CANONICAL_MATCH,166b81f0-4151-4605-8c85-04e97e48edf9,IMPLANTE COSMETICO 4.5 ML Elastina,IMP-032,Elastina,NOMBRE+REFERENCIA,"products.name == ""Nombre Excel"" + "" "" + ""Referencia interna"" (igualdad exacta, única)",
103,IMPLANTE COSMETICO 4.5 ML,Embrion,Unidades,2068.97,2400,Excel × 1.16 = publicado,Péptidos,Implantes,familia/agregado,EXACT_CANONICAL_MATCH,7b930a8c-2847-430e-a8b0-fa9591c4c549,IMPLANTE COSMETICO 4.5 ML Embrion,IMP-033,Embrion,NOMBRE+REFERENCIA,"products.name == ""Nombre Excel"" + "" "" + ""Referencia interna"" (igualdad exacta, única)",
104,IMPLANTE COSMETICO 4.5 ML,Corazon,Unidades,2068.97,2400,Excel × 1.16 = publicado,Péptidos,Implantes,familia/agregado,EXACT_CANONICAL_MATCH,a1a91e38-7a33-4ff3-9957-eeb08e758e39,IMPLANTE COSMETICO 4.5 ML Corazon,IMP-034,Corazon,NOMBRE+REFERENCIA,"products.name == ""Nombre Excel"" + "" "" + ""Referencia interna"" (igualdad exacta, única)",
105,IMPLANTE COSMETICO 4.5 ML,Colageno,Unidades,2068.97,2400,Excel × 1.16 = publicado,Péptidos,Implantes,familia/agregado,EXACT_CANONICAL_MATCH,76a9f366-f9bb-453c-b5e4-faa57953801d,IMPLANTE COSMETICO 4.5 ML Colageno,IMP-035,Colageno,NOMBRE+REFERENCIA,"products.name == ""Nombre Excel"" + "" "" + ""Referencia interna"" (igualdad exacta, única)",
106,IMPLANTE COSMETICO 4.5 ML,Cornea,Unidades,2068.97,2400,Excel × 1.16 = publicado,Péptidos,Implantes,familia/agregado,EXACT_CANONICAL_MATCH,6e953acf-1596-42e6-8571-35688400c612,IMPLANTE COSMETICO 4.5 ML Cornea,IMP-036,Cornea,NOMBRE+REFERENCIA,"products.name == ""Nombre Excel"" + "" "" + ""Referencia interna"" (igualdad exacta, única)",
107,IMPLANTE COSMETICO 4.5 ML,Cordon Umbilical,Unidades,2068.97,2400,Excel × 1.16 = publicado,Péptidos,Implantes,familia/agregado,EXACT_CANONICAL_MATCH,6265b38d-30e5-4976-8e88-bce3ddd3c6dc,IMPLANTE COSMETICO 4.5 ML Cordon Umbilical,IMP-037,Cordon Umbilical,NOMBRE+REFERENCIA,"products.name == ""Nombre Excel"" + "" "" + ""Referencia interna"" (igualdad exacta, única)",
108,IMPLANTE COSMETICO 4.5 ML,Pancreas,Unidades,2068.97,2400,Excel × 1.16 = publicado,Péptidos,Implantes,familia/agregado,EXACT_CANONICAL_MATCH,22e46646-c7f7-4a70-b1e6-2632795c05ca,IMPLANTE COSMETICO 4.5 ML Pancreas,IMP-038,Pancreas,NOMBRE+REFERENCIA,"products.name == ""Nombre Excel"" + "" "" + ""Referencia interna"" (igualdad exacta, única)",
109,IMPLANTE COSMETICO 4.5 ML,Higado,Unidades,2068.97,2400,Excel × 1.16 = publicado,Péptidos,Implantes,familia/agregado,EXACT_CANONICAL_MATCH,f3fe9078-889d-4910-a43a-94239e162f6c,IMPLANTE COSMETICO 4.5 ML Higado,IMP-039,Higado,NOMBRE+REFERENCIA,"products.name == ""Nombre Excel"" + "" "" + ""Referencia interna"" (igualdad exacta, única)",
110,IMPLANTE COSMETICO 4.5 ML,Retina,Unidades,2068.97,2400,Excel × 1.16 = publicado,Péptidos,Implantes,familia/agregado,EXACT_CANONICAL_MATCH,d9890a86-8fca-467c-9b8a-eb4545ca4823,IMPLANTE COSMETICO 4.5 ML Retina,IMP-040,Retina,NOMBRE+REFERENCIA,"products.name == ""Nombre Excel"" + "" "" + ""Referencia interna"" (igualdad exacta, única)",
111,INNOTOX,50 UI,Unidades,689.65,800,Excel × 1.16 = publicado,Toxinas,INNOTOX 50 UI,exacto,EXACT_CANONICAL_MATCH,73ad079f-d986-4326-b7ee-c727611a880f,INNOTOX 50 UI,TOX-005,50 UI,NOMBRE+REFERENCIA,"products.name == ""Nombre Excel"" + "" "" + ""Referencia interna"" (igualdad exacta, única)",
112,INNOTOX,100 UI,Unidades,1120.69,1300,Excel × 1.16 = publicado,Toxinas,INNOTOX 100 UI,exacto,EXACT_CANONICAL_MATCH,17a43a49-8740-4599-93e5-1e57d1ffe2ca,INNOTOX 100 UI,TOX-004,100 UI,NOMBRE+REFERENCIA,"products.name == ""Nombre Excel"" + "" "" + ""Referencia interna"" (igualdad exacta, única)",
113,INTIMO,Vial 5 ml,Unidades,560.34,650,Excel × 1.16 = publicado,Peeling,Intimo Renovacell,exacto,EXACT_CANONICAL_MATCH,ce944cd1-ab8b-4561-a641-6b0c3b6ff575,Intimo Renovacell,PEE-001,Vial 5 ml,REFERENCIA_ODOO,"""Referencia interna"" == products.odoo_reference (única) | nombre histórico coincide con familia/nombre canónico | agrupación publicada coincide con el nombre canónico",
114,Implante,,Unidades,1982.76,,(sin referencia pública),,,sin match,NOT_FOUND,,,,,,"sin coincidencia determinista por nombre+referencia, nombre, referencia ni familia",
115,Inno,,Unidades,0,,(sin referencia pública),,,sin match,NOT_FOUND,,,,,,"sin coincidencia determinista por nombre+referencia, nombre, referencia ni familia",
116,LINURASE,100 UI,Unidades,1551.72,1800,Excel × 1.16 = publicado,Toxinas,Linurase 100 UI,exacto,EXACT_CANONICAL_MATCH,842fce1c-8b31-4886-8aa0-02c393fabaf2,Linurase 100 UI,TOX-006,100 UI,NOMBRE+REFERENCIA,"products.name == ""Nombre Excel"" + "" "" + ""Referencia interna"" (igualdad exacta, única)",
117,LIP PLUMPER,7 gr,Unidades,301.72,350,Excel × 1.16 = publicado,Sérum,Plumper,exacto,EXACT_CANONICAL_MATCH,79fc0c64-decd-4275-a836-2f6da3e59624,Plumper,SER-003,7 gr,REFERENCIA_ODOO,"""Referencia interna"" == products.odoo_reference (única) | agrupación publicada coincide con el nombre canónico",
118,LIPORASE,1500 UI,Unidades,137.93,160,Excel × 1.16 = publicado,Rellenos,Liporase,exacto,EXACT_CANONICAL_MATCH,e2469514-498b-4e4e-8f8f-f14c7033b21a,Liporase,REL-010,1500 UI,NOMBRE_NORMALIZADO,"products.name == ""Nombre Excel"" (igualdad exacta, única)",
119,Linurase,,Unidades,0,,(sin referencia pública),,,sin match,NOT_FOUND,,,,,,"sin coincidencia determinista por nombre+referencia, nombre, referencia ni familia",
120,MICROAGUJA DESECHABLE H24,,Unidades,43.1,50,Excel × 1.16 = publicado,,Microaguja H24,exacto,EXACT_CANONICAL_MATCH,cf5d09a6-0193-4a83-b0d2-188603daad3e,Microaguja H24,APA-003,,AGRUPACION_PUBLICADA,"""Producto/agrupación lista"" == products.name (única y no repetida entre filas)",
121,MICROAGUJA DESECHABLE H36,,Unidades,43.1,50,Excel × 1.16 = publicado,,Microaguja H36,exacto,EXACT_CANONICAL_MATCH,48450218-8b33-47d4-acc8-ab7bedc0373c,Microaguja H36,APA-004,,AGRUPACION_PUBLICADA,"""Producto/agrupación lista"" == products.name (única y no repetida entre filas)",
122,MICROAGUJA DESECHABLE HR,nano,Unidades,43.1,50,Excel × 1.16 = publicado,Aparatología,Microaguja HR,exacto,EXACT_CANONICAL_MATCH,81d8d807-4925-466c-bbc2-dbc921923532,Microaguja HR,APA-005,nano,REFERENCIA_ODOO,"""Referencia interna"" == products.odoo_reference (única) | agrupación publicada coincide con el nombre canónico",
123,MOUNJARO PLUMA PRECARGADA,2.5 mg/.6 ml,Unidades,4600,4600,Excel = precio publicado,Metabólicos,MOUNJARO Pluma 2.5 mg,exacto,NOT_FOUND,,,,,,"sin coincidencia determinista por nombre+referencia, nombre, referencia ni familia",
124,MOUNJARO PLUMA PRECARGADA,10 mg/.6 ml,Unidades,7100,7100,Excel = precio publicado,Metabólicos,MOUNJARO Pluma 10 mg,exacto,NOT_FOUND,,,,,,"sin coincidencia determinista por nombre+referencia, nombre, referencia ni familia",
125,MOUNJARO PLUMA PRECARGADA,7.5 mg/.6 ml,Unidades,7100,7100,Excel = precio publicado,Metabólicos,MOUNJARO Pluma 7.5 mg,exacto,NOT_FOUND,,,,,,"sin coincidencia determinista por nombre+referencia, nombre, referencia ni familia",
126,MOUNJARO PLUMA PRECARGADA,5 mg/.6 ml,Unidades,5700,5700,Excel = precio publicado,Metabólicos,MOUNJARO Pluma 5 mg,exacto,NOT_FOUND,,,,,,"sin coincidencia determinista por nombre+referencia, nombre, referencia ni familia",
127,MOUNJARO VIAL 2.5 mg,,Unidades,1350,1350,Excel = precio publicado,,MOUNJARO Vial 2.5 mg,exacto,EXACT_CANONICAL_MATCH,3ff84430-2075-4370-bf7f-77de56c9e796,MOUNJARO Vial 2.5 mg,MET-014,,NOMBRE_NORMALIZADO,"products.name == ""Nombre Excel"" (igualdad exacta, única)",
128,MOUNJARO VIAL 5 mg,,Unidades,1650,1650,Excel = precio publicado,,MOUNJARO Vial 5 mg,exacto,EXACT_CANONICAL_MATCH,c1c1e6ba-d150-4c46-abc2-975408f5c1a7,MOUNJARO Vial 5 mg,MET-015,,NOMBRE_NORMALIZADO,"products.name == ""Nombre Excel"" (igualdad exacta, única)",
129,NABOTA,200 UI,Unidades,1465.52,1700,Excel × 1.16 = publicado,Toxinas,NABOTA 200 UI,exacto,EXACT_CANONICAL_MATCH,5886daac-c49d-45ed-88ce-4f041087a951,NABOTA 200 UI,TOX-008,200 UI,NOMBRE+REFERENCIA,"products.name == ""Nombre Excel"" + "" "" + ""Referencia interna"" (igualdad exacta, única)",
130,NABOTA,150 UI,Unidades,1293.1,1500,Excel × 1.16 = publicado,Toxinas,NABOTA 150 UI,exacto,EXACT_CANONICAL_MATCH,ef5e4f44-513c-4a9f-8cbf-262629162df6,NABOTA,NEW-010,150 UI,NOMBRE_NORMALIZADO,"products.name == ""Nombre Excel"" (igualdad exacta, única)",
131,NABOTA,100 UI,Unidades,1120.69,1300,Excel × 1.16 = publicado,Toxinas,NABOTA 100 UI,exacto,EXACT_CANONICAL_MATCH,5ae20ea5-a0f4-42ed-a0e4-2ecf4eff9b65,NABOTA 100 UI,TOX-007,100 UI,NOMBRE+REFERENCIA,"products.name == ""Nombre Excel"" + "" "" + ""Referencia interna"" (igualdad exacta, única)",
132,NAD+,25 ml 100 mg/ml,Unidades,646.55,750,Excel × 1.16 = publicado,Vitaminas,NAD+,exacto,EXACT_CANONICAL_MATCH,4e6ca313-75b8-41c6-aebe-9236dd758450,NAD+,VIT-008,25 ml 100 mg/ml,NOMBRE_NORMALIZADO,"products.name == ""Nombre Excel"" (igualdad exacta, única)",
133,PE PLUS,60 Capsulas,Unidades,1120.69,1300,Excel × 1.16 = publicado,Vitaminas,PE PLUS,exacto,EXACT_CANONICAL_MATCH,5903120c-62a4-46cb-ba9b-2073e52848c2,PE PLUS,VIT-009,60 Capsulas,NOMBRE_NORMALIZADO,"products.name == ""Nombre Excel"" (igualdad exacta, única)",
134,RADIESSE 1.5CC CLASICO,,Unidades,3793.1,4400,Excel × 1.16 = publicado,,Radiesse Clásico,exacto,EXACT_CANONICAL_MATCH,90b59637-02a8-402e-afe0-d6100e72f9e0,RADIESSE 1.5CC CLASICO,NEW-011,,NOMBRE_NORMALIZADO,"products.name == ""Nombre Excel"" (igualdad exacta, única)",
135,"RADIESSE-LIDO, FAC,1.5CC,CAN STRL INJ. IMPLANT",,Unidades,3879.31,4500,Excel × 1.16 = publicado,,Radiesse + Lido,exacto,EXACT_CANONICAL_MATCH,866328fd-6c97-43a1-98a0-5a1fccfe7a91,"RADIESSE-LIDO, FAC,1.5CC,CAN STRL INJ. IMPLANT",NEW-012,,NOMBRE_NORMALIZADO,"products.name == ""Nombre Excel"" (igualdad exacta, única)",
136,RENOCAIN+,30 gr Unguento Anestesico,Unidades,777,777,Excel = precio publicado,Anestésicos,Renocain+,exacto,EXACT_CANONICAL_MATCH,12759c19-4649-49d7-a660-bfed483969ad,Renocain+,ANE-001,30 gr Unguento Anestesico,NOMBRE_NORMALIZADO,"products.name == ""Nombre Excel"" (igualdad exacta, única)",
137,REVAGE R,50 mg,Unidades,1724.14,2000,Excel × 1.16 = publicado,Rellenos,Revage R PLLA + AH,exacto,EXACT_CANONICAL_MATCH,e1f342ee-d5a3-4dec-980c-9909ca0f7316,Revage R PDLA,REL-009,50 mg,REFERENCIA_ODOO,"""Referencia interna"" == products.odoo_reference (única) | nombre histórico coincide con familia/nombre canónico",
138,REVAGE V,200 mg,Unidades,1724.14,2000,Excel × 1.16 = publicado,Rellenos,Revage V PLLA,exacto,EXACT_CANONICAL_MATCH,c0110398-bab1-4636-9134-b02eb6a632b4,Revage V PLLA,REL-008,200 mg,AGRUPACION_PUBLICADA,"""Producto/agrupación lista"" == products.name (única y no repetida entre filas) | presentación corrobora",
139,SAXENDA,6 mg/ml 3X3 PLUMA ML,Unidades,2900,4100,No concilia,Metabólicos,SAXENDA,exacto,EXACT_CANONICAL_MATCH,b1dda1ed-47cc-42b8-8992-af1b9eaab60e,SAXENDA,MET-002,6 mg/ml 3X3 PLUMA ML,NOMBRE_NORMALIZADO,"products.name == ""Nombre Excel"" (igualdad exacta, única)",
140,SELENIO,20 ml 200 mcg/ml,Unidades,215.52,250,Excel × 1.16 = publicado,Vitaminas,Selenio 20 ml 200 mcg/ml,exacto,EXACT_CANONICAL_MATCH,1b500652-6c6f-478c-af54-203db86a9b3e,Selenio 20 ml 200 mcg/ml,VIT-006,20 ml 200 mcg/ml,NOMBRE+REFERENCIA,"products.name == ""Nombre Excel"" + "" "" + ""Referencia interna"" (igualdad exacta, única)",
141,STEMLASH,3.65 ml,Unidades,1120.69,,(sin referencia pública),1300.0004,,sin match,EXACT_CANONICAL_MATCH,93b3da00-4e18-43dd-8434-6e1610a3f3e7,STEMLASH,NEW-014,3.65 ml,NOMBRE_NORMALIZADO,"products.name == ""Nombre Excel"" (igualdad exacta, única)",
142,STOPLIP,15 ml,Unidades,1465.52,1700,Excel × 1.16 = publicado,Metabólicos,STOPLIP 15 ml,exacto,EXACT_CANONICAL_MATCH,4be3454f-e044-464d-b8ae-a0280fd21598,STOPLIP 15 ml,MET-001,15 ml,NOMBRE+REFERENCIA,"products.name == ""Nombre Excel"" + "" "" + ""Referencia interna"" (igualdad exacta, única)",
143,Skinvive 2X1ml Rx,,Unidades,3500,4500,No concilia,,SkinVive,exacto,EXACT_CANONICAL_MATCH,5fc74cbf-167e-4e54-ac68-d430a915fb13,SkinVive,REL-002,,AGRUPACION_PUBLICADA,"""Producto/agrupación lista"" == products.name (única y no repetida entre filas)",
144,Sulfato de Zinc,50 ml 20 mg/ml,Unidades,387.93,450,Excel × 1.16 = publicado,Vitaminas,Zinc 50 ml 20 mg/ml,exacto,EXACT_CANONICAL_MATCH,56c24be2-fcdc-4fa5-8cde-e88e40238598,Zinc 50 ml 20 mg/ml,VIT-002,50 ml 20 mg/ml,AGRUPACION_PUBLICADA,"""Producto/agrupación lista"" == products.name (única y no repetida entre filas) | presentación corrobora",
145,TNM,50 ml,Unidades,431.04,500,Excel × 1.16 = publicado,Terapia Neural,TNM,exacto,EXACT_CANONICAL_MATCH,24109f28-880f-4150-87b5-14c79342bc9a,TNM,VIT-010,50 ml,NOMBRE_NORMALIZADO,"products.name == ""Nombre Excel"" (igualdad exacta, única)",
146,ULTRAFILTRADO,PROSTATA 2.5 ml,Caja/20 pzas,12931.04,15000,Excel × 1.16 = publicado,Péptidos,Ultrafiltrados,familia/agregado,EXACT_CANONICAL_MATCH,03b839c2-b094-40e6-85a5-b289e6b501cb,ULTRAFILTRADO PROSTATA 2.5 ml,ULT-001,PROSTATA 2.5 ml,NOMBRE+REFERENCIA,"products.name == ""Nombre Excel"" + "" "" + ""Referencia interna"" (igualdad exacta, única)",
147,ULTRAFILTRADO,ACTIVUS 2.5 ml,Caja/20 pzas,12931.04,15000,Excel × 1.16 = publicado,Péptidos,Ultrafiltrados,familia/agregado,EXACT_CANONICAL_MATCH,17a980dd-47bb-4f1d-8045-eda7dd6951cd,ULTRAFILTRADO ACTIVUS 2.5 ml,ULT-002,ACTIVUS 2.5 ml,NOMBRE+REFERENCIA,"products.name == ""Nombre Excel"" + "" "" + ""Referencia interna"" (igualdad exacta, única)",
148,ULTRAFILTRADO,ELITE Hombre 5 ml 300 kDa,Caja/10 pzas,21551.72,25000,Excel × 1.16 = publicado,Péptidos,ELITE,familia/agregado,EXACT_CANONICAL_MATCH,e2ce81ee-ebdb-4d29-8fbb-696c8b942d4e,ULTRAFILTRADO ELITE Hombre 5 ml 300 kDa,ELI-001,ELITE Hombre 5 ml 300 kDa,NOMBRE+REFERENCIA,"products.name == ""Nombre Excel"" + "" "" + ""Referencia interna"" (igualdad exacta, única)",
149,ULTRAFILTRADO,GOLDEN V 2.5 ml,Caja/20 pzas,12931.04,15000,Excel × 1.16 = publicado,Péptidos,Ultrafiltrados,familia/agregado,EXACT_CANONICAL_MATCH,74c3b72e-f938-413e-8479-45e0075c2c26,ULTRAFILTRADO GOLDEN V 2.5 ml,ULT-003,GOLDEN V 2.5 ml,NOMBRE+REFERENCIA,"products.name == ""Nombre Excel"" + "" "" + ""Referencia interna"" (igualdad exacta, única)",
150,ULTRAFILTRADO,IMMUNIS V 2.5 ml,Caja/20 pzas,12931.04,15000,Excel × 1.16 = publicado,Péptidos,Ultrafiltrados,familia/agregado,EXACT_CANONICAL_MATCH,60ed8e0b-634b-4260-9ee0-9c9b63e98987,ULTRAFILTRADO IMMUNIS V 2.5 ml,ULT-004,IMMUNIS V 2.5 ml,NOMBRE+REFERENCIA,"products.name == ""Nombre Excel"" + "" "" + ""Referencia interna"" (igualdad exacta, única)",
151,ULTRAFILTRADO,IMMUNIS 2.5 ml,Caja/20 pzas,12931.03,15000,Excel × 1.16 = publicado,Péptidos,Ultrafiltrados,familia/agregado,EXACT_CANONICAL_MATCH,df88b7f0-c12a-4bc3-9982-d58f323ed348,ULTRAFILTRADO IMMUNIS 2.5 ml,ULT-005,IMMUNIS 2.5 ml,NOMBRE+REFERENCIA,"products.name == ""Nombre Excel"" + "" "" + ""Referencia interna"" (igualdad exacta, única)",
152,ULTRAFILTRADO,Superadaptogenos 2.5 ml,Caja/20 pzas,12931.04,15000,Excel × 1.16 = publicado,Péptidos,Ultrafiltrados,familia/agregado,EXACT_CANONICAL_MATCH,2688abc2-293a-474d-8646-23a1a5c9bc07,ULTRAFILTRADO Superadaptogenos 2.5 ml,ULT-006,Superadaptogenos 2.5 ml,NOMBRE+REFERENCIA,"products.name == ""Nombre Excel"" + "" "" + ""Referencia interna"" (igualdad exacta, única)",
153,ULTRAFILTRADO,SANUS 2.5 ml,Caja/20 pzas,12931.04,15000,Excel × 1.16 = publicado,Péptidos,Ultrafiltrados,familia/agregado,EXACT_CANONICAL_MATCH,76cc56cb-6567-4d53-8330-99ece52bef7d,ULTRAFILTRADO SANUS 2.5 ml,ULT-007,SANUS 2.5 ml,NOMBRE+REFERENCIA,"products.name == ""Nombre Excel"" + "" "" + ""Referencia interna"" (igualdad exacta, única)",
154,ULTRAFILTRADO,ELITE MOBILIS 5 ml 300 kDa,Caja/10 pzas,21551.72,25000,Excel × 1.16 = publicado,Péptidos,ELITE,familia/agregado,EXACT_CANONICAL_MATCH,4e42ea74-ca5e-4042-bd9a-a7404a2bef3c,ULTRAFILTRADO ELITE MOBILIS 5 ml 300 kDa,ELI-002,ELITE MOBILIS 5 ml 300 kDa,NOMBRE+REFERENCIA,"products.name == ""Nombre Excel"" + "" "" + ""Referencia interna"" (igualdad exacta, única)",
155,ULTRAFILTRADO,ELITE Placenta 5 ml 300 kDa,Caja/10 pzas,21551.72,25000,Excel × 1.16 = publicado,Péptidos,ELITE,familia/agregado,EXACT_CANONICAL_MATCH,36c2e2fe-efc8-422a-b01b-f28e9ef35bcd,ULTRAFILTRADO ELITE Placenta 5 ml 300 kDa,ELI-003,ELITE Placenta 5 ml 300 kDa,NOMBRE+REFERENCIA,"products.name == ""Nombre Excel"" + "" "" + ""Referencia interna"" (igualdad exacta, única)",
156,ULTRAFILTRADO,ELITE Mujer 5 ml 300 kDa,Caja/10 pzas,21551.72,25000,Excel × 1.16 = publicado,Péptidos,ELITE,familia/agregado,EXACT_CANONICAL_MATCH,2d453484-2b65-41c0-b93f-49e1d0f25850,ULTRAFILTRADO ELITE Mujer 5 ml 300 kDa,ELI-004,ELITE Mujer 5 ml 300 kDa,NOMBRE+REFERENCIA,"products.name == ""Nombre Excel"" + "" "" + ""Referencia interna"" (igualdad exacta, única)",
157,ULTRAFILTRADO,OPTIMUS 2.5 ml,Caja/20 pzas,12931.04,15000,Excel × 1.16 = publicado,Péptidos,Ultrafiltrados,familia/agregado,EXACT_CANONICAL_MATCH,b09dfd5d-31e0-44c8-946a-45f7e991280c,ULTRAFILTRADO OPTIMUS 2.5 ml,ULT-008,OPTIMUS 2.5 ml,NOMBRE+REFERENCIA,"products.name == ""Nombre Excel"" + "" "" + ""Referencia interna"" (igualdad exacta, única)",
158,ULTRAFILTRADO,SALUBRE 2.5 ml,Caja/20 pzas,12931.04,15000,Excel × 1.16 = publicado,Péptidos,Ultrafiltrados,familia/agregado,EXACT_CANONICAL_MATCH,e1f9a301-ae40-4ea5-bc40-21c63394160e,ULTRAFILTRADO SALUBRE 2.5 ml,ULT-009,SALUBRE 2.5 ml,NOMBRE+REFERENCIA,"products.name == ""Nombre Excel"" + "" "" + ""Referencia interna"" (igualdad exacta, única)",
159,ULTRAFILTRADO,VIVUS 2.5 ml,Caja/20 pzas,12931.04,15000,Excel × 1.16 = publicado,Péptidos,Ultrafiltrados,familia/agregado,EXACT_CANONICAL_MATCH,f9b2695b-74cd-4a98-81ee-4321092c8d62,ULTRAFILTRADO VIVUS 2.5 ml,ULT-010,VIVUS 2.5 ml,NOMBRE+REFERENCIA,"products.name == ""Nombre Excel"" + "" "" + ""Referencia interna"" (igualdad exacta, única)",
160,ULTRAFILTRADO,ELITE IMMUNIS 5 ml 300 kDa,Caja/10 pzas,21551.72,25000,Excel × 1.16 = publicado,Péptidos,ELITE,familia/agregado,EXACT_CANONICAL_MATCH,04d4360f-27be-4866-8982-4970123cc9bb,ULTRAFILTRADO ELITE IMMUNIS 5 ml 300 kDa,ELI-005,ELITE IMMUNIS 5 ml 300 kDa,NOMBRE+REFERENCIA,"products.name == ""Nombre Excel"" + "" "" + ""Referencia interna"" (igualdad exacta, única)",
161,ULTRAFILTRADO,CEREBRI 2.5 ml,Caja/20 pzas,12931.04,15000,Excel × 1.16 = publicado,Péptidos,Ultrafiltrados,familia/agregado,EXACT_CANONICAL_MATCH,1c961bee-0345-4dbf-8d48-e5c9f7842a27,ULTRAFILTRADO CEREBRI 2.5 ml,ULT-011,CEREBRI 2.5 ml,NOMBRE+REFERENCIA,"products.name == ""Nombre Excel"" + "" "" + ""Referencia interna"" (igualdad exacta, única)",
162,ULTRAFILTRADO,REV HOMBRE 2.5 ml,Caja/20 pzas,12931.04,15000,Excel × 1.16 = publicado,Péptidos,Ultrafiltrados,familia/agregado,EXACT_CANONICAL_MATCH,f08bc3f5-6456-4ca3-b3cf-6e68e4934e47,ULTRAFILTRADO REV HOMBRE 2.5 ml,ULT-012,REV HOMBRE 2.5 ml,NOMBRE+REFERENCIA,"products.name == ""Nombre Excel"" + "" "" + ""Referencia interna"" (igualdad exacta, única)",
163,ULTRAFILTRADO,FT EXTRACTS 2.5 ml,Caja/20 pzas,12931.04,15000,Excel × 1.16 = publicado,Péptidos,Ultrafiltrados,familia/agregado,EXACT_CANONICAL_MATCH,ecf4b7e5-b63b-4f71-9126-e95a2876c206,ULTRAFILTRADO FT EXTRACTS 2.5 ml,ULT-013,FT EXTRACTS 2.5 ml,NOMBRE+REFERENCIA,"products.name == ""Nombre Excel"" + "" "" + ""Referencia interna"" (igualdad exacta, única)",
164,ULTRAFILTRADO,MOBILIS 2.5 ml,Caja/20 pzas,12931.04,15000,Excel × 1.16 = publicado,Péptidos,Ultrafiltrados,familia/agregado,EXACT_CANONICAL_MATCH,e2ece653-9734-4486-96cd-7c1ac126beb1,ULTRAFILTRADO MOBILIS 2.5 ml,ULT-014,MOBILIS 2.5 ml,NOMBRE+REFERENCIA,"products.name == ""Nombre Excel"" + "" "" + ""Referencia interna"" (igualdad exacta, única)",
165,ULTRAFILTRADO,MAGNUS 2.5 ml,Caja/20 pzas,12931.04,15000,Excel × 1.16 = publicado,Péptidos,Ultrafiltrados,familia/agregado,EXACT_CANONICAL_MATCH,1b965a38-6512-488e-9d8b-716840cfa192,ULTRAFILTRADO MAGNUS 2.5 ml,ULT-015,MAGNUS 2.5 ml,NOMBRE+REFERENCIA,"products.name == ""Nombre Excel"" + "" "" + ""Referencia interna"" (igualdad exacta, única)",
166,ULTRAFILTRADO,REV MUJER 2.5 ml,Caja/20 pzas,12931.04,15000,Excel × 1.16 = publicado,Péptidos,Ultrafiltrados,familia/agregado,EXACT_CANONICAL_MATCH,c66df1cf-a529-40a6-bad2-17aa56e19719,ULTRAFILTRADO REV MUJER 2.5 ml,ULT-016,REV MUJER 2.5 ml,NOMBRE+REFERENCIA,"products.name == ""Nombre Excel"" + "" "" + ""Referencia interna"" (igualdad exacta, única)",
167,ULTRAFILTRADO,GOLDEN PLACENTA 2.5 ml,Caja/20 pzas,12931.04,15000,Excel × 1.16 = publicado,Péptidos,Golden Placenta,familia/agregado,EXACT_CANONICAL_MATCH,58e5d59d-95f1-430f-a0e5-f42d81251c01,Golden Placenta,PEP-001,GOLDEN PLACENTA 2.5 ml,REFERENCIA_ODOO,"""Referencia interna"" == products.odoo_reference (única) | agrupación publicada coincide con el nombre canónico",
168,ULTRAFILTRADO,"SPEC (Riñon, Placenta, Timo, Mesenquima) 2.5 ml",Unidades,12931.03,15000,Excel × 1.16 = publicado,Péptidos,Ultrafiltrados,familia/agregado,EXACT_CANONICAL_MATCH,8663e890-ea63-42ea-aca2-e699c83b165a,"ULTRAFILTRADO SPEC (Riñon, Placenta, Timo, Mesenquima) 2.5 ml",ULT-017,"SPEC (Riñon, Placenta, Timo, Mesenquima) 2.5 ml",NOMBRE+REFERENCIA,"products.name == ""Nombre Excel"" + "" "" + ""Referencia interna"" (igualdad exacta, única)",
169,ULTRAFILTRADO,ELITE Ojo 5 ml 300 kDa,Caja/10 pzas,21551.72,25000,Excel × 1.16 = publicado,Péptidos,ELITE,familia/agregado,EXACT_CANONICAL_MATCH,01f337ab-4cae-4516-a186-dc8d8284271f,ULTRAFILTRADO ELITE Ojo 5 ml 300 kDa,ELI-006,ELITE Ojo 5 ml 300 kDa,NOMBRE+REFERENCIA,"products.name == ""Nombre Excel"" + "" "" + ""Referencia interna"" (igualdad exacta, única)",
170,ULTRAFILTRADO,OJO 2.5 ml,Caja/20 pzas,12931.04,15000,Excel × 1.16 = publicado,Péptidos,Ultrafiltrados,familia/agregado,EXACT_CANONICAL_MATCH,b922370f-c4eb-415c-aa64-c49072edeacf,ULTRAFILTRADO OJO 2.5 ml,ULT-018,OJO 2.5 ml,NOMBRE+REFERENCIA,"products.name == ""Nombre Excel"" + "" "" + ""Referencia interna"" (igualdad exacta, única)",
171,Ultra Filtrados Renovacell,,Unidades,12931.04,15000,Excel × 1.16 = publicado,,Ultrafiltrados,familia/agregado,EXACT_CANONICAL_MATCH,4323f6b6-71b1-46a8-aa0c-39aaaa8553e4,Ultra Filtrados Renovacell,ULT-019,,NOMBRE_NORMALIZADO,"products.name == ""Nombre Excel"" (igualdad exacta, única)",
172,VitB1 Tiamina,10 ml 100 mg/ml,Unidades,290,290,Excel = precio publicado,Vitaminas,Vit B1 10 ml 100 mg/ml,exacto,EXACT_CANONICAL_MATCH,97a8cfc9-870d-4310-9876-dc0ca600bf15,Vit B1 10 ml 100 mg/ml,VIT-005,10 ml 100 mg/ml,REFERENCIA_ODOO,"""Referencia interna"" == products.odoo_reference (única) | agrupación publicada coincide con el nombre canónico",
173,VitB12 Cianocobalamina,20 ml 1000 mcg/ml,Unidades,431.04,500,Excel × 1.16 = publicado,Vitaminas,Vit B12 20 ml 1000 mcg/ml,exacto,EXACT_CANONICAL_MATCH,e0fa6b83-877a-445a-b142-b1f08b3734eb,Vit B12 20 ml 1000 mcg/ml,VIT-004,20 ml 1000 mcg/ml,REFERENCIA_ODOO,"""Referencia interna"" == products.odoo_reference (única) | agrupación publicada coincide con el nombre canónico",
174,VitC,20 ml 500 mg/ml,Unidades,258.62,300,Excel × 1.16 = publicado,Vitaminas,Vitamina C 20 ml 500 mg/ml,exacto,EXACT_CANONICAL_MATCH,d67db7b5-7686-4585-8080-d4460482e935,Vitamina C 20 ml 500 mg/ml,VIT-001,20 ml 500 mg/ml,REFERENCIA_ODOO,"""Referencia interna"" == products.odoo_reference (única) | agrupación publicada coincide con el nombre canónico",
175,WEGOVY PLUMA,1.7 mg 4 dosis 2.27 mg,Unidades,6150,5850,No concilia,Metabólicos,WEGOVY 1.7 mg,exacto,EXACT_CANONICAL_MATCH,bd2d9f23-cbdb-437a-a416-f28bd4c95671,WEGOVY 1.7 mg,MET-006,1.7 mg 4 dosis 2.27 mg,REFERENCIA_ODOO,"""Referencia interna"" == products.odoo_reference (única) | agrupación publicada coincide con el nombre canónico",
176,WEGOVY PLUMA,2.4 mg 4 dosis 3.2 mg,Unidades,6150,6150,Excel = precio publicado,Metabólicos,WEGOVY 2.4 mg,exacto,EXACT_CANONICAL_MATCH,daa59aff-a53a-4f65-ac75-95261f4132c0,WEGOVY 2.4 mg,MET-007,2.4 mg 4 dosis 3.2 mg,REFERENCIA_ODOO,"""Referencia interna"" == products.odoo_reference (única) | agrupación publicada coincide con el nombre canónico",
177,WEGOVY PLUMA,.25 mg 4 dosis .68 mg,Unidades,2980,2980,Excel = precio publicado,Metabólicos,WEGOVY .25 mg,exacto,EXACT_CANONICAL_MATCH,3800a655-084a-4f7b-8f77-8dc7b8c2b685,WEGOVY .25 mg,MET-003,.25 mg 4 dosis .68 mg,REFERENCIA_ODOO,"""Referencia interna"" == products.odoo_reference (única) | agrupación publicada coincide con el nombre canónico",
178,WEGOVY PLUMA,1 mg 4 dosis 1.34 mg,Unidades,4950,4950,Excel = precio publicado,Metabólicos,WEGOVY 1 mg,exacto,EXACT_CANONICAL_MATCH,68fcc843-90b0-4882-b0dd-5a2d416425a9,WEGOVY 1 mg,MET-005,1 mg 4 dosis 1.34 mg,REFERENCIA_ODOO,"""Referencia interna"" == products.odoo_reference (única) | agrupación publicada coincide con el nombre canónico",
179,WEGOVY PLUMA,.5 mg 4 dosis 1.34 mg,Unidades,3650,3650,Excel = precio publicado,Metabólicos,WEGOVY .5 mg,exacto,EXACT_CANONICAL_MATCH,907a8c4b-1702-41e6-a34c-2adc020d79ae,WEGOVY .5 mg,MET-004,.5 mg 4 dosis 1.34 mg,REFERENCIA_ODOO,"""Referencia interna"" == products.odoo_reference (única) | agrupación publicada coincide con el nombre canónico",
180,WONDERTOX,200 UI,Unidades,1379.31,1600,Excel × 1.16 = publicado,Toxinas,Wondertox 200 UI,exacto,EXACT_CANONICAL_MATCH,38b60970-76d9-4fe0-8919-6e5c5536a0c1,Wondertox 200 UI,TOX-010,200 UI,NOMBRE+REFERENCIA,"products.name == ""Nombre Excel"" + "" "" + ""Referencia interna"" (igualdad exacta, única)",
181,WONDERTOX,100 UI,Unidades,775.86,900,Excel × 1.16 = publicado,Toxinas,Wondertox 100 UI,exacto,EXACT_CANONICAL_MATCH,10425136-a7d9-4dd4-b0e3-96f555c5b281,Wondertox 100 UI,TOX-009,100 UI,NOMBRE+REFERENCIA,"products.name == ""Nombre Excel"" + "" "" + ""Referencia interna"" (igualdad exacta, única)",
182,XELAJU DEEP,1 ml,Unidades,862.07,1000,Excel × 1.16 = publicado,Rellenos,Xelaju AH,familia/agregado,EXACT_CANONICAL_MATCH,1e1118d4-4152-4f40-ae3f-5c9ed3ead607,XELAJU DEEP,XEL-001,1 ml,NOMBRE_NORMALIZADO,"products.name == ""Nombre Excel"" (igualdad exacta, única)",
183,XELAJU FINE,1 ml,Unidades,862.07,1000,Excel × 1.16 = publicado,Rellenos,Xelaju AH,familia/agregado,EXACT_CANONICAL_MATCH,220bebec-125c-429b-a0e3-753e36fc7e25,XELAJU FINE,XEL-002,1 ml,NOMBRE_NORMALIZADO,"products.name == ""Nombre Excel"" (igualdad exacta, única)",
184,XELAJU HB,60 ml,Unidades,2241.38,2600,Excel × 1.16 = publicado,Rellenos,Xelaju HB 60 cc,exacto,EXACT_CANONICAL_MATCH,a42d3957-21a1-4510-80ee-8c169a26563a,Xelaju HB 60 cc,REL-007,60 ml,REFERENCIA_ODOO,"""Referencia interna"" == products.odoo_reference (única) | nombre histórico coincide con familia/nombre canónico | agrupación publicada coincide con el nombre canónico",
185,XELAJU HYLO,2.5 ml,Unidades,1293.1,1500,Excel × 1.16 = publicado,Rellenos,Xelaju Hylo AH Híbrido,exacto,EXACT_CANONICAL_MATCH,a27f0a50-1138-4f5a-bb06-45ab89129041,XELAJU HYLO,XEL-003,2.5 ml,NOMBRE_NORMALIZADO,"products.name == ""Nombre Excel"" (igualdad exacta, única)",
186,XELAJU N FILLER,2/2 ml,Unidades,1724.14,2000,Excel × 1.16 = publicado,Rellenos,Xelaju N PN de salmón,exacto,NOT_FOUND,,,,,,"sin coincidencia determinista por nombre+referencia, nombre, referencia ni familia",
187,XELAJU V,200 mg,Unidades,1724.14,2000,Excel × 1.16 = publicado,Rellenos,Xelaju V PLLA,exacto,EXACT_CANONICAL_MATCH,e845a3bb-5d42-467a-923a-0998752d47c3,Xelaju V PLLA,REL-006,200 mg,AGRUPACION_PUBLICADA,"""Producto/agrupación lista"" == products.name (única y no repetida entre filas) | presentación corrobora",
188,XELAJU VOLUME,1 ml,Unidades,862.07,1000,Excel × 1.16 = publicado,Rellenos,Xelaju AH,familia/agregado,EXACT_CANONICAL_MATCH,f62f3c7d-ad53-4057-af20-300ae2951c0a,XELAJU VOLUME,XEL-004,1 ml,NOMBRE_NORMALIZADO,"products.name == ""Nombre Excel"" (igualdad exacta, única)",
189,XEOMEEN,100 UI,Unidades,3500,3500,Excel = precio publicado,Toxinas,Xeomeen 100 UI,exacto,EXACT_CANONICAL_MATCH,3a033bfd-b930-470a-adfc-66daa545dca7,Xeomeen 100 UI,TOX-002,100 UI,NOMBRE+REFERENCIA,"products.name == ""Nombre Excel"" + "" "" + ""Referencia interna"" (igualdad exacta, única)",
190,XEOMEEN CORTESIA,100 u,Unidades,0.01,,(sin referencia pública),0.0116,,sin match,NOT_FOUND,,,,,,"sin coincidencia determinista por nombre+referencia, nombre, referencia ni familia",
191,[GOLDEN PLACENTA] ULTRAFILTRADOS VIAL 2.5 ML,Caja/20 pzas,,12931.04,15000,Excel × 1.16 = publicado,Péptidos,Golden Placenta,familia/agregado,AMBIGUOUS,,,,,,1 candidatos; ninguna igualdad determinista los distingue,PEP-001=Golden Placenta
